state,heuristic_label,context_A_frac,context_B_frac,context_C_frac,mean_centroid_speed,median_centroid_speed,mean_angular_vel,median_angular_vel,mean_body_length_px,median_body_length_px,mean_elongation,median_elongation,mean_entropy,median_entropy,mean_bout_dur_sec,median_bout_dur_sec,n_bouts
0,state_0: grooming/comfort-like (candidate),0.005215193153500204,0.0017490824750012518,0.0005900998111680591,22.604230880737305,10.212729454040527,0.8746252655982971,0.17241761088371277,109.18441009521484,109.04470825195312,2.2686614990234375,2.2159652709960938,0.40907344222068787,0.2578721046447754,1.7211908127208482,0.83,2830
1,state_1: grooming/comfort-like (candidate),0.005046155980908253,0.0025554560435523837,0.0,49.01605224609375,9.62954330444336,5.415653228759766,0.2264106571674347,45.71806335449219,10.90673828125,1.832824468612671,1.2915241718292236,0.28121840953826904,0.07749779522418976,7.388636363636363,3.0149999999999997,22
2,state_2: grooming/comfort-like (candidate),0.0,0.01106180284219029,0.0,130.30340576171875,80.68685150146484,1.3064278364181519,0.5579899549484253,205.88348388671875,177.21029663085938,2.224856376647949,2.1222410202026367,0.067545585334301,0.03229930251836777,7.352857142857144,0.585,14
3,state_3: grooming/comfort-like (candidate),0.003205376619573262,0.0013786122733133173,0.0,80.29643249511719,36.328006744384766,1.4448474645614624,0.29252833127975464,111.50789642333984,112.23249053955078,2.934074640274048,2.7742600440979004,0.13279351592063904,0.04368981346487999,1.790227272727273,0.53,88
4,state_4: locomotion (candidate),0.002427001960511654,0.004268014789968069,0.0,152.6691131591797,117.9939193725586,1.7259979248046875,0.7728004455566406,130.8651123046875,156.16944885253906,2.4762532711029053,2.4314651489257812,0.016400424763560295,0.03437437862157822,3.7652083333333337,1.18,48
5,state_5: locomotion (candidate),0.004195013255244251,2.289628896948148e-06,0.0,503.19635009765625,409.7955627441406,12.036094665527344,4.559878349304199,123.50101470947266,127.40924072265625,2.804894208908081,2.552154302597046,0.03551620990037918,0.03295454382896423,1.1745925925925926,0.9,135
6,state_6: mixed (candidate),0.009586997736543073,0.00013509405169237162,0.0,84.95226287841797,55.52498245239258,1.8170701265335083,0.25894907116889954,31.878002166748047,33.751014709472656,3.025472640991211,3.3802595138549805,0.0493914932012558,0.04343142732977867,8.315714285714286,0.6,14
7,state_7: locomotion (candidate),0.0,0.006927397305756677,0.0,158.07879638671875,120.40879821777344,6.477050304412842,1.6761882305145264,135.440673828125,176.22549438476562,1.6296652555465698,1.2992876768112183,0.04418079927563667,0.03288506716489792,6.163703703703702,1.73,27
8,state_8: grooming/comfort-like (candidate),0.0023271927515790525,0.005419825115327444,0.0,84.59659576416016,42.05638885498047,1.3664785623550415,0.2989840507507324,23.889482498168945,10.172904968261719,1.6758495569229126,1.641478180885315,0.0858452245593071,0.039982620626688004,5.79,1.385,32
9,state_9: grooming/comfort-like (candidate),0.0013151799281579403,0.010263229907077825,0.0007670641027686636,66.65547180175781,34.796546936035156,2.389418840408325,0.46490198373794556,29.486793518066406,20.515338897705078,1.5791563987731934,1.62615966796875,0.10701849311590195,0.05901167169213295,2.292446808510638,1.05,94
10,state_10: locomotion (candidate),0.009377895363487238,6.868886690844938e-05,0.0,240.06500244140625,196.35812377929688,6.813966751098633,2.44266939163208,141.40939331054688,145.20578002929688,1.9547103643417358,1.74643075466156,0.03642633184790611,0.032163284718990326,4.76058628318584,1.2,904
11,state_11: mixed (candidate),0.005817626320458654,0.0010007215741472356,0.00010940582266385909,109.65576171875,100.23609924316406,2.598365306854248,1.8273957967758179,107.05406951904297,108.82302856445312,3.8310837745666504,3.6456093788146973,0.05254499241709709,0.05251365154981613,5.34,0.87,25
12,state_12: locomotion (candidate),0.006430631958009024,0.00013967670640439012,1.6841254336622726e-05,159.8274688720703,124.37281799316406,27.008071899414062,6.25806999206543,115.17937469482422,113.81416320800781,2.222912311553955,2.1043758392333984,0.06303150206804276,0.03051743656396866,0.3210256410256411,0.27,390
13,state_13: locomotion (candidate),0.0,0.01113392084352908,8.416417634270001e-05,213.62847900390625,162.7530517578125,5.512266635894775,1.1688724756240845,188.58779907226562,168.25193786621094,3.2206320762634277,2.8994741439819336,0.03335651382803917,0.022863855585455894,0.6971264367816091,0.47,174
14,state_14: locomotion (candidate),0.005204014266921269,0.0006755288649467383,0.002433377139478023,137.4329071044922,100.36270904541016,5.246425628662109,2.024366855621338,100.25153350830078,97.09278869628906,2.441380500793457,2.2253873348236084,0.046571388840675354,0.039531029760837555,1.1739105058365757,0.57,514
15,state_15: locomotion (candidate),0.0,0.007624491408483335,0.0,165.26327514648438,112.20588684082031,5.449403762817383,1.1763755083084106,96.1163101196289,102.58145904541016,2.796365737915039,2.579021692276001,0.052955660969018936,0.03317159786820412,0.6271280991735538,0.43,484
16,state_16: mixed (candidate),0.0,0.010774675478847315,0.0,87.36444854736328,46.00605773925781,2.155959129333496,0.4966834485530853,117.40660095214844,114.92534637451172,3.1611387729644775,3.1877896785736084,0.032764263451099396,0.020969631150364876,0.6391082802547771,0.53,157
17,state_17: grooming/comfort-like (candidate),0.0,0.012254067948962135,0.0,39.55230712890625,26.10975456237793,0.6931782960891724,0.20524635910987854,132.06842041015625,129.8602294921875,3.449800968170166,3.4776744842529297,0.224356546998024,0.19536839425563812,1.1699948320413434,0.77,1935
18,state_18: mixed (candidate),0.0,0.01359548936091038,0.0,111.78524780273438,71.93547058105469,4.33043098449707,0.880752682685852,102.15001678466797,107.02217102050781,3.215883255004883,2.8794336318969727,0.06532556563615799,0.035131677985191345,1.260318664643399,0.67,659
19,state_19: mixed (candidate),0.001688190096877829,0.17321140384150593,0.35293961011551506,79.53008270263672,49.26577377319336,2.1387176513671875,0.5129404664039612,136.61758422851562,136.05691528320312,3.301882028579712,3.296863079071045,0.03827708959579468,0.034737106412649155,0.6766297117516632,0.5,451
20,state_20: mixed (candidate),0.0050096508190767405,6.833145130167038e-05,0.0001179388093279818,65.51914978027344,25.03177833557129,2.511786699295044,0.4087042808532715,120.74866485595703,117.28532409667969,2.664793014526367,2.7509851455688477,0.047996167093515396,0.03680236637592316,0.5535433070866141,0.43,127
21,state_21: exploration-like (candidate),0.009355435095269225,0.0042115158908044145,0.007071577818965936,94.94813537597656,56.147525787353516,21.143901824951172,2.081821918487549,118.52581787109375,116.09952545166016,2.3191113471984863,2.1916637420654297,0.11906609684228897,0.048048507422208786,0.2787096774193548,0.25,62
22,state_22: mixed (candidate),0.004191605406415685,0.0015640543760114434,0.00047191902244248635,123.4538345336914,86.00934600830078,5.389559268951416,1.7403532266616821,118.28529357910156,116.89176940917969,2.4276394844055176,2.332059860229492,0.03412396460771561,0.032709404826164246,0.5335099337748345,0.4,604
23,state_23: grooming/comfort-like (candidate),0.008065430623484368,0.0002999800344020358,8.431561019204545e-06,47.430702209472656,34.47431182861328,3.5031120777130127,0.4542115330696106,123.84746551513672,123.38106536865234,2.4525983333587646,2.313530445098877,0.17640580236911774,0.1475699543952942,0.7656187766714083,0.83,703
24,state_24: grooming/comfort-like (candidate),0.020370529584612884,0.012590492200802019,0.0035622570892278726,43.58197784423828,29.43753433227539,2.0138485431671143,0.36518117785453796,124.8028335571289,122.3206787109375,2.6932883262634277,2.596113443374634,0.19548054039478302,0.13677482306957245,0.7509104938271605,0.83,648
