stem,state_0_frac,state_1_frac,state_2_frac,state_3_frac,state_4_frac,filename,date,box,experiment,day,context,no_shock,animal_id,fear
20241113_Box_1_CFC_Day_0_(Context_A)_9001,0.0731513805141225,0.003966994604887337,0.4882576959695335,0.4346239289114567,0.0,20241113_Box_1_CFC_Day_0_(Context_A)_9001.mp4,20241113,1,CFC,0,A,no,9001,
20241113_Box_1_CFC_Day_0_(Context_A)_9003,0.13870814156483097,0.004919853991429932,0.3975559435010316,0.4588160609427075,0.0,20241113_Box_1_CFC_Day_0_(Context_A)_9003.mp4,20241113,1,CFC,0,A,no,9003,
20241113_Box_1_CFC_Day_0_(Context_A)_9005,0.25345183304237423,0.004443739089033487,0.3959688938263768,0.34613553404221553,0.0,20241113_Box_1_CFC_Day_0_(Context_A)_9005.mp4,20241113,1,CFC,0,A,no,9005,
20241113_Box_1_CFC_Day_0_(Context_A)_9007,0.11648944611966354,0.0034915092842405966,0.44024757974924617,0.4397714648468497,0.0,20241113_Box_1_CFC_Day_0_(Context_A)_9007.mp4,20241113,1,CFC,0,A,no,9007,
20241113_Box_1_CFC_Day_0_(Context_A)_9009,0.2748770036502142,0.006348198698619267,0.5319790509442945,0.18679574670687193,0.0,20241113_Box_1_CFC_Day_0_(Context_A)_9009.mp4,20241113,1,CFC,0,A,no,9009,
20241113_Box_1_CFC_Day_0_(Context_A)_9011,0.17137416693113297,0.003808314820691844,0.39828625833068865,0.4265312599174865,0.0,20241113_Box_1_CFC_Day_0_(Context_A)_9011.mp4,20241113,1,CFC,0,A,no,9011,
20241113_Box_1_CFC_Day_0_(Context_A)_9013,0.10157117917790827,0.002380574511982225,0.6697349627043326,0.22631328360577685,0.0,20241113_Box_1_CFC_Day_0_(Context_A)_9013.mp4,20241113,1,CFC,0,A,no,9013,
20241113_Box_1_CFC_Day_0_(Context_A)_9015,0.14346929058879543,0.0030153943818441516,0.4597682907475004,0.39374702428186004,0.0,20241113_Box_1_CFC_Day_0_(Context_A)_9015.mp4,20241113,1,CFC,0,A,no,9015,
20241113_Box_2_CFC_Day_0_(Context_A)_9002,0.2137755911760038,0.003967624186637042,0.5945088081256943,0.18473258212982066,0.0030153943818441516,20241113_Box_2_CFC_Day_0_(Context_A)_9002.mp4,20241113,2,CFC,0,A,no,9002,
20241113_Box_2_CFC_Day_0_(Context_A)_9004,0.3397334179625516,0.03316407489685814,0.29847667407172324,0.26927959377975247,0.05934623928911457,20241113_Box_2_CFC_Day_0_(Context_A)_9004.mp4,20241113,2,CFC,0,A,no,9004,
20241113_Box_2_CFC_Day_0_(Context_A)_9006,0.2835607743573469,0.023325928276737545,0.48968581402729294,0.20168200571247222,0.0017454776261504284,20241113_Box_2_CFC_Day_0_(Context_A)_9006.mp4,20241113,2,CFC,0,A,no,9006,
20241113_Box_2_CFC_Day_0_(Context_A)_9008,0.1244049508092669,0.0014281180577594415,0.34306569343065696,0.5311012377023168,0.0,20241113_Box_2_CFC_Day_0_(Context_A)_9008.mp4,20241113,2,CFC,0,A,no,9008,
20241113_Box_2_CFC_Day_0_(Context_A)_9010,0.23579815931450332,0.01808949539828626,0.45430022215169785,0.2918121231355125,0.0,20241113_Box_2_CFC_Day_0_(Context_A)_9010.mp4,20241113,2,CFC,0,A,no,9010,
20241113_Box_2_CFC_Day_0_(Context_A)_9012,0.4824631010950643,0.08585938739882558,0.31407713061418824,0.11760038089192192,0.0,20241113_Box_2_CFC_Day_0_(Context_A)_9012.mp4,20241113,2,CFC,0,A,no,9012,
20241113_Box_2_CFC_Day_0_(Context_A)_9014,0.21786734370041258,0.004443033957473818,0.5958425896540781,0.18121231355125356,0.0006347191367819739,20241113_Box_2_CFC_Day_0_(Context_A)_9014.mp4,20241113,2,CFC,0,A,no,9014,
20241113_Box_2_CFC_Day_0_(Context_A)_9016,0.30323706759758806,0.016026658203744843,0.43986036178990795,0.24071723262456363,0.00015867978419549348,20241113_Box_2_CFC_Day_0_(Context_A)_9016.mp4,20241113,2,CFC,0,A,no,9016,
"20241114_Box_1_CFC_Day_1_(Context_A,_No_Shock)_9001",0.019996296982040362,0.0,0.02777263469727828,0.9522310683206814,0.0,"20241114_Box_1_CFC_Day_1_(Context_A,_No_Shock)_9001.mp4",20241114,1,CFC,1,A,yes,9001,
"20241114_Box_1_CFC_Day_1_(Context_A,_No_Shock)_9003",0.3781932617549056,0.0,0.10144390966308775,0.5203628285820067,0.0,"20241114_Box_1_CFC_Day_1_(Context_A,_No_Shock)_9003.mp4",20241114,1,CFC,1,A,yes,9003,
"20241114_Box_1_CFC_Day_1_(Context_A,_No_Shock)_9005",0.22376457523598,0.0,0.4625208217656857,0.31371460299833426,0.0,"20241114_Box_1_CFC_Day_1_(Context_A,_No_Shock)_9005.mp4",20241114,1,CFC,1,A,yes,9005,
"20241114_Box_1_CFC_Day_1_(Context_A,_No_Shock)_9007",0.0,0.0,0.6034067765228661,0.3965932234771339,0.0,"20241114_Box_1_CFC_Day_1_(Context_A,_No_Shock)_9007.mp4",20241114,1,CFC,1,A,yes,9007,
"20241114_Box_1_CFC_Day_1_(Context_A,_No_Shock)_9009",0.00037023324694557573,0.0,0.11977045538689374,0.8798593113661607,0.0,"20241114_Box_1_CFC_Day_1_(Context_A,_No_Shock)_9009.mp4",20241114,1,CFC,1,A,yes,9009,
"20241114_Box_1_CFC_Day_1_(Context_A,_No_Shock)_9011",0.11847463902258423,0.0,0.05609033691225472,0.825435024065161,0.0,"20241114_Box_1_CFC_Day_1_(Context_A,_No_Shock)_9011.mp4",20241114,1,CFC,1,A,yes,9011,
"20241114_Box_1_CFC_Day_1_(Context_A,_No_Shock)_9013",0.1293965198074787,0.00037023324694557573,0.26268048870788596,0.6075527582376897,0.0,"20241114_Box_1_CFC_Day_1_(Context_A,_No_Shock)_9013.mp4",20241114,1,CFC,1,A,yes,9013,
"20241114_Box_1_CFC_Day_1_(Context_A,_No_Shock)_9015",0.06533407366277993,0.0,0.01776790671848973,0.9168980196187303,0.0,"20241114_Box_1_CFC_Day_1_(Context_A,_No_Shock)_9015.mp4",20241114,1,CFC,1,A,yes,9015,
"20241114_Box_2_CFC_Day_1_(Context_A,_No_Shock)_9002",0.048685671973343204,0.0,0.4618659755646057,0.4857460199925953,0.0037023324694557573,"20241114_Box_2_CFC_Day_1_(Context_A,_No_Shock)_9002.mp4",20241114,2,CFC,1,A,yes,9002,
"20241114_Box_2_CFC_Day_1_(Context_A,_No_Shock)_9004",0.13830772079244585,0.12349564895389743,0.7039437141270135,0.03295685984077023,0.0012960562858729864,"20241114_Box_2_CFC_Day_1_(Context_A,_No_Shock)_9004.mp4",20241114,2,CFC,1,A,yes,9004,
"20241114_Box_2_CFC_Day_1_(Context_A,_No_Shock)_9006",0.3621551564525088,0.0018515089798185522,0.048879837067209775,0.5871134975004628,0.0,"20241114_Box_2_CFC_Day_1_(Context_A,_No_Shock)_9006.mp4",20241114,2,CFC,1,A,yes,9006,
"20241114_Box_2_CFC_Day_1_(Context_A,_No_Shock)_9008",0.07811921510551648,0.0,0.07367641614216956,0.848204368752314,0.0,"20241114_Box_2_CFC_Day_1_(Context_A,_No_Shock)_9008.mp4",20241114,2,CFC,1,A,yes,9008,
"20241114_Box_2_CFC_Day_1_(Context_A,_No_Shock)_9010",0.14994446501295816,0.042206590151795634,0.8059977786005184,0.0018511662347278786,0.0,"20241114_Box_2_CFC_Day_1_(Context_A,_No_Shock)_9010.mp4",20241114,2,CFC,1,A,yes,9010,
"20241114_Box_2_CFC_Day_1_(Context_A,_No_Shock)_9012",0.3360488798370672,0.023329013145713756,0.37141270135160154,0.26920940566561746,0.0,"20241114_Box_2_CFC_Day_1_(Context_A,_No_Shock)_9012.mp4",20241114,2,CFC,1,A,yes,9012,
"20241114_Box_2_CFC_Day_1_(Context_A,_No_Shock)_9014",0.5108313275319385,0.003147565265691539,0.059063136456211814,0.4269579707461581,0.0,"20241114_Box_2_CFC_Day_1_(Context_A,_No_Shock)_9014.mp4",20241114,2,CFC,1,A,yes,9014,
"20241114_Box_2_CFC_Day_1_(Context_A,_No_Shock)_9016",0.14605701592002962,0.0009255831173639393,0.2786005183265457,0.5744168826360607,0.0,"20241114_Box_2_CFC_Day_1_(Context_A,_No_Shock)_9016.mp4",20241114,2,CFC,1,A,yes,9016,
20241115_Box_1_CFC_Day_2_(Context_C)_9001,0.28404452690166976,0.0,0.5961038961038961,0.11985157699443413,0.0,20241115_Box_1_CFC_Day_2_(Context_C)_9001.mp4,20241115,1,CFC,2,C,no,9001,
20241115_Box_1_CFC_Day_2_(Context_C)_9003,0.13612759643916914,0.0,0.4491839762611276,0.4146884272997033,0.0,20241115_Box_1_CFC_Day_2_(Context_C)_9003.mp4,20241115,1,CFC,2,C,no,9003,
20241115_Box_1_CFC_Day_2_(Context_C)_9005,0.43980708588388057,0.0,0.4244110554628084,0.13578185865331108,0.0,20241115_Box_1_CFC_Day_2_(Context_C)_9005.mp4,20241115,1,CFC,2,C,no,9005,
20241115_Box_1_CFC_Day_2_(Context_C)_9007,0.287409605043575,0.0,0.41424068236603007,0.29834971259039494,0.0,20241115_Box_1_CFC_Day_2_(Context_C)_9007.mp4,20241115,1,CFC,2,C,no,9007,
20241115_Box_1_CFC_Day_2_(Context_C)_9009,0.0,0.9985163204747775,0.0,0.0,0.001483679525222552,20241115_Box_1_CFC_Day_2_(Context_C)_9009.mp4,20241115,1,CFC,2,C,no,9009,
20241115_Box_1_CFC_Day_2_(Context_C)_9011,0.45557410498979783,0.0,0.1854943424225561,0.3589315525876461,0.0,20241115_Box_1_CFC_Day_2_(Context_C)_9011.mp4,20241115,1,CFC,2,C,no,9011,
20241115_Box_1_CFC_Day_2_(Context_C)_9013,0.4359117046930069,0.0,0.46058245223520683,0.10350584307178631,0.0,20241115_Box_1_CFC_Day_2_(Context_C)_9013.mp4,20241115,1,CFC,2,C,no,9013,
20241115_Box_1_CFC_Day_2_(Context_C)_9015,0.5365356083086054,0.000370919881305638,0.3034124629080119,0.15968100890207715,0.0,20241115_Box_1_CFC_Day_2_(Context_C)_9015.mp4,20241115,1,CFC,2,C,no,9015,
20241115_Box_2_CFC_Day_2_(Context_C)_9002,0.06738245094409478,0.8430211032950758,0.06904850055534988,0.0,0.02054794520547945,20241115_Box_2_CFC_Day_2_(Context_C)_9002.mp4,20241115,2,CFC,2,C,no,9002,
20241115_Box_2_CFC_Day_2_(Context_C)_9004,0.02980929457507869,0.9355674875023143,0.008331790409183484,0.0,0.026291427513423442,20241115_Box_2_CFC_Day_2_(Context_C)_9004.mp4,20241115,2,CFC,2,C,no,9004,
20241115_Box_2_CFC_Day_2_(Context_C)_9006,0.004451864218141347,0.993322203672788,0.0003709886848451122,0.0,0.001854943424225561,20241115_Box_2_CFC_Day_2_(Context_C)_9006.mp4,20241115,2,CFC,2,C,no,9006,
20241115_Box_2_CFC_Day_2_(Context_C)_9008,0.3798219584569733,0.0,0.5558234421364985,0.06435459940652818,0.0,20241115_Box_2_CFC_Day_2_(Context_C)_9008.mp4,20241115,2,CFC,2,C,no,9008,
20241115_Box_2_CFC_Day_2_(Context_C)_9010,0.002593553167839941,0.9938866246758059,0.0,0.0,0.0035198221563542053,20241115_Box_2_CFC_Day_2_(Context_C)_9010.mp4,20241115,2,CFC,2,C,no,9010,
20241115_Box_2_CFC_Day_2_(Context_C)_9012,0.008160237388724036,0.9844213649851632,0.000741839762611276,0.0,0.0066765578635014835,20241115_Box_2_CFC_Day_2_(Context_C)_9012.mp4,20241115,2,CFC,2,C,no,9012,
20241115_Box_2_CFC_Day_2_(Context_C)_9014,0.000555247084952804,0.9925967055339626,0.0012955765315565426,0.0,0.00555247084952804,20241115_Box_2_CFC_Day_2_(Context_C)_9014.mp4,20241115,2,CFC,2,C,no,9014,
20241115_Box_2_CFC_Day_2_(Context_C)_9016,0.00667779632721202,0.9274717121127806,0.0020404377666481174,0.0,0.0638100537933593,20241115_Box_2_CFC_Day_2_(Context_C)_9016.mp4,20241115,2,CFC,2,C,no,9016,
20241118_Box_1_CFD_Day_3_(Context_A)_9001,0.06586256149817489,0.0012696397397238533,0.12013966037136962,0.8127281383907317,0.0,20241118_Box_1_CFD_Day_3_(Context_A)_9001.mp4,20241118,1,CFD,3,A,no,9001,
20241118_Box_1_CFD_Day_3_(Context_A)_9003,0.3007459133470878,0.0034915092842405966,0.26598952547214727,0.42977305189652437,0.0,20241118_Box_1_CFD_Day_3_(Context_A)_9003.mp4,20241118,1,CFD,3,A,no,9003,
20241118_Box_1_CFD_Day_3_(Context_A)_9005,0.22262773722627738,0.005712472231037766,0.07013646461440813,0.6999365280863218,0.0015867978419549348,20241118_Box_1_CFD_Day_3_(Context_A)_9005.mp4,20241118,1,CFD,3,A,no,9005,
20241118_Box_1_CFD_Day_3_(Context_A)_9007,0.2225043643866053,0.0030153943818441516,0.004919853991429932,0.7695603872401207,0.0,20241118_Box_1_CFD_Day_3_(Context_A)_9007.mp4,20241118,1,CFD,3,A,no,9007,
20241118_Box_1_CFD_Day_3_(Context_A)_9009,0.11631228181529674,0.0,0.14804823865439543,0.7356394795303078,0.0,20241118_Box_1_CFD_Day_3_(Context_A)_9009.mp4,20241118,1,CFD,3,A,no,9009,
20241118_Box_1_CFD_Day_3_(Context_A)_9011,0.22243376170077742,0.0,0.07631286688878312,0.7001427891480247,0.0011105822624147231,20241118_Box_1_CFD_Day_3_(Context_A)_9011.mp4,20241118,1,CFD,3,A,no,9011,
20241118_Box_1_CFD_Day_3_(Context_A)_9013,0.02650372956673544,0.00047611490239644503,0.2717029043009046,0.7013172512299635,0.0,20241118_Box_1_CFD_Day_3_(Context_A)_9013.mp4,20241118,1,CFD,3,A,no,9013,
20241118_Box_1_CFD_Day_3_(Context_A)_9015,0.046659260434851614,0.004285034121568005,0.027297254404062846,0.9217584510395176,0.0,20241118_Box_1_CFD_Day_3_(Context_A)_9015.mp4,20241118,1,CFD,3,A,no,9015,
20241118_Box_1_CFD_Day_3_(Context_B)_9001,0.2112531969309463,0.0,0.19676044330775788,0.5918158567774936,0.00017050298380221653,20241118_Box_1_CFD_Day_3_(Context_B)_9001.mp4,20241118,1,CFD,3,B,no,9001,
20241118_Box_1_CFD_Day_3_(Context_B)_9003,0.6672231496939344,0.033017992951214985,0.1335559265442404,0.16601743646818773,0.0001854943424225561,20241118_Box_1_CFD_Day_3_(Context_B)_9003.mp4,20241118,1,CFD,3,B,no,9003,
20241118_Box_1_CFD_Day_3_(Context_B)_9005,0.13724035608308605,0.0,0.39502967359050445,0.4677299703264095,0.0,20241118_Box_1_CFD_Day_3_(Context_B)_9005.mp4,20241118,1,CFD,3,B,no,9005,
20241118_Box_1_CFD_Day_3_(Context_B)_9007,0.13856427378964942,0.004080875533296235,0.027267668336115748,0.8300871823409386,0.0,20241118_Box_1_CFD_Day_3_(Context_B)_9007.mp4,20241118,1,CFD,3,B,no,9007,
20241118_Box_1_CFD_Day_3_(Context_B)_9009,0.07957707289927657,0.0,0.05360786496011872,0.8668150621406047,0.0,20241118_Box_1_CFD_Day_3_(Context_B)_9009.mp4,20241118,1,CFD,3,B,no,9009,
20241118_Box_1_CFD_Day_3_(Context_B)_9011,0.6024856241884623,0.003524392506028566,0.03060656649972176,0.3633834168057874,0.0,20241118_Box_1_CFD_Day_3_(Context_B)_9011.mp4,20241118,1,CFD,3,B,no,9011,
20241118_Box_1_CFD_Day_3_(Context_B)_9013,0.23817473567056205,0.0012984603969578928,0.1526618438137637,0.6078649601187164,0.0,20241118_Box_1_CFD_Day_3_(Context_B)_9013.mp4,20241118,1,CFD,3,B,no,9013,
20241118_Box_1_CFD_Day_3_(Context_B)_9015,0.20719718048599517,0.0001854943424225561,0.23149693934335003,0.5611203858282322,0.0,20241118_Box_1_CFD_Day_3_(Context_B)_9015.mp4,20241118,1,CFD,3,B,no,9015,
20241118_Box_2_CFD_Day_3_(Context_A)_9002,0.06663493574488338,0.0026971283515786135,0.44185308583214344,0.4888148500713946,0.0,20241118_Box_2_CFD_Day_3_(Context_A)_9002.mp4,20241118,2,CFD,3,A,no,9002,
20241118_Box_2_CFD_Day_3_(Context_A)_9004,0.047596382674916705,0.0,0.08900523560209424,0.8633983817229891,0.0,20241118_Box_2_CFD_Day_3_(Context_A)_9004.mp4,20241118,2,CFD,3,A,no,9004,
20241118_Box_2_CFD_Day_3_(Context_A)_9006,0.46548166957625775,0.004443739089033487,0.0961752102840819,0.43389938105062686,0.0,20241118_Box_2_CFD_Day_3_(Context_A)_9006.mp4,20241118,2,CFD,3,A,no,9006,
20241118_Box_2_CFD_Day_3_(Context_B)_9014,0.14614243323442136,0.017062314540059347,0.19009643916913946,0.6466988130563798,0.0,20241118_Box_2_CFD_Day_3_(Context_B)_9014.mp4,20241118,2,CFD,3,B,no,9014,
20241118_Box_2_CFD_Day_3_(Context_B)_9016,0.11498516320474778,0.0,0.4000370919881306,0.48497774480712164,0.0,20241118_Box_2_CFD_Day_3_(Context_B)_9016.mp4,20241118,2,CFD,3,B,no,9016,
20241119_Box_1_CFD_Day_4_(Context_A)_9001,0.09679466835925103,0.000952078705172961,0.0780704538241828,0.8241827991113932,0.0,20241119_Box_1_CFD_Day_4_(Context_A)_9001.mp4,20241119,1,CFD,4,A,no,9001,
20241119_Box_1_CFD_Day_4_(Context_A)_9003,0.3833703586163123,0.0004760393525864805,0.0950491907331006,0.5211044112980007,0.0,20241119_Box_1_CFD_Day_4_(Context_A)_9003.mp4,20241119,1,CFD,4,A,no,9003,
20241119_Box_1_CFD_Day_4_(Context_A)_9005,0.11409076483655982,0.002221516978736909,0.09457315138051413,0.7891145668041891,0.0,20241119_Box_1_CFD_Day_4_(Context_A)_9005.mp4,20241119,1,CFD,4,A,no,9005,
20241119_Box_1_CFD_Day_4_(Context_A)_9007,0.008884658099317785,0.0033317467872441696,0.979216246231953,0.008567348881485007,0.0,20241119_Box_1_CFD_Day_4_(Context_A)_9007.mp4,20241119,1,CFD,4,A,no,9007,
20241119_Box_1_CFD_Day_4_(Context_A)_9009,0.5344335131704221,0.005712472231037766,0.29657251666137735,0.16328149793716282,0.0,20241119_Box_1_CFD_Day_4_(Context_A)_9009.mp4,20241119,1,CFD,4,A,no,9009,
20241119_Box_1_CFD_Day_4_(Context_A)_9011,0.05348357403586732,0.0033328043167751152,0.05856213299476273,0.8846214886525948,0.0,20241119_Box_1_CFD_Day_4_(Context_A)_9011.mp4,20241119,1,CFD,4,A,no,9011,
20241119_Box_1_CFD_Day_4_(Context_A)_9013,0.1121866074262139,0.00031735956839098697,0.08695652173913043,0.8005395112662647,0.0,20241119_Box_1_CFD_Day_4_(Context_A)_9013.mp4,20241119,1,CFD,4,A,no,9013,
20241119_Box_1_CFD_Day_4_(Context_A)_9015,0.2637258013329102,0.0030149158997143763,0.017613456045699777,0.7156458267216756,0.0,20241119_Box_1_CFD_Day_4_(Context_A)_9015.mp4,20241119,1,CFD,4,A,no,9015,
20241119_Box_1_CFD_Day_4_(Context_B)_9001,0.20126136152847338,0.5512891856798368,0.05546280838434428,0.0005564830272676684,0.1914301613800779,20241119_Box_1_CFD_Day_4_(Context_B)_9001.mp4,20241119,1,CFD,4,B,no,9001,
20241119_Box_1_CFD_Day_4_(Context_B)_9003,0.01632350213318494,0.12446670376553515,0.06195511036913374,0.0,0.7972546837321461,20241119_Box_1_CFD_Day_4_(Context_B)_9003.mp4,20241119,1,CFD,4,B,no,9003,
20241119_Box_1_CFD_Day_4_(Context_B)_9005,0.3630124281209423,0.3094045631608236,0.02912261176034131,0.022630309775551846,0.2758300871823409,20241119_Box_1_CFD_Day_4_(Context_B)_9005.mp4,20241119,1,CFD,4,B,no,9005,
20241119_Box_1_CFD_Day_4_(Context_B)_9007,0.035979228486646884,0.23887240356083086,0.00370919881305638,0.0,0.7214391691394659,20241119_Box_1_CFD_Day_4_(Context_B)_9007.mp4,20241119,1,CFD,4,B,no,9007,
20241119_Box_1_CFD_Day_4_(Context_B)_9009,0.024851632047477746,0.0,0.000185459940652819,0.9749629080118695,0.0,20241119_Box_1_CFD_Day_4_(Context_B)_9009.mp4,20241119,1,CFD,4,B,no,9009,
20241119_Box_1_CFD_Day_4_(Context_B)_9011,0.04006677796327212,0.4631793730291226,0.0003709886848451122,0.0,0.49638286032276013,20241119_Box_1_CFD_Day_4_(Context_B)_9011.mp4,20241119,1,CFD,4,B,no,9011,
20241119_Box_1_CFD_Day_4_(Context_B)_9013,0.0009274717121127806,0.21999629011315155,0.0,0.0,0.7790762381747357,20241119_Box_1_CFD_Day_4_(Context_B)_9013.mp4,20241119,1,CFD,4,B,no,9013,
20241119_Box_1_CFD_Day_4_(Context_B)_9015,0.12240356083086053,0.11201780415430267,0.11702522255192878,0.0,0.648553412462908,20241119_Box_1_CFD_Day_4_(Context_B)_9015.mp4,20241119,1,CFD,4,B,no,9015,
20241119_Box_2_CFD_Day_4_(Context_A)_9002,0.6626467788003808,0.0055537924468422725,0.21548714693748017,0.11536020311012377,0.000952078705172961,20241119_Box_2_CFD_Day_4_(Context_A)_9002.mp4,20241119,2,CFD,4,A,no,9002,
20241119_Box_2_CFD_Day_4_(Context_A)_9004,0.4694492937628948,0.0874464370734804,0.4310426916362482,0.009998412950325344,0.0020631645770512615,20241119_Box_2_CFD_Day_4_(Context_A)_9004.mp4,20241119,2,CFD,4,A,no,9004,
20241119_Box_2_CFD_Day_4_(Context_A)_9006,0.9078070453824183,0.023325928276737545,0.035226912091399554,0.03364011424944462,0.0,20241119_Box_2_CFD_Day_4_(Context_A)_9006.mp4,20241119,2,CFD,4,A,no,9006,
20241119_Box_2_CFD_Day_4_(Context_A)_9008,0.06348198698619267,0.0038089192191715603,0.03935883193143946,0.8933502618631963,0.0,20241119_Box_2_CFD_Day_4_(Context_A)_9008.mp4,20241119,2,CFD,4,A,no,9008,
20241119_Box_2_CFD_Day_4_(Context_A)_9010,0.57498809712744,0.013648627202031423,0.38517695603872404,0.026027614664338995,0.00015870496746548166,20241119_Box_2_CFD_Day_4_(Context_A)_9010.mp4,20241119,2,CFD,4,A,no,9010,
20241119_Box_2_CFD_Day_4_(Context_A)_9012,0.2142177086639162,0.0,0.15264995239606474,0.6331323389400191,0.0,20241119_Box_2_CFD_Day_4_(Context_A)_9012.mp4,20241119,2,CFD,4,A,no,9012,
20241119_Box_2_CFD_Day_4_(Context_A)_9014,0.2267893985081733,0.025868909696873513,0.2637676559276305,0.48341533089985717,0.00015870496746548166,20241119_Box_2_CFD_Day_4_(Context_A)_9014.mp4,20241119,2,CFD,4,A,no,9014,
20241119_Box_2_CFD_Day_4_(Context_A)_9016,0.18758927154419933,0.0003174099349309633,0.051896524361212504,0.7601967941596572,0.0,20241119_Box_2_CFD_Day_4_(Context_A)_9016.mp4,20241119,2,CFD,4,A,no,9016,
20241119_Box_2_CFD_Day_4_(Context_B)_9002,0.12743461324429606,0.0003709886848451122,0.1686143572621035,0.7035800408087554,0.0,20241119_Box_2_CFD_Day_4_(Context_B)_9002.mp4,20241119,2,CFD,4,B,no,9002,
20241119_Box_2_CFD_Day_4_(Context_B)_9004,0.21294750510109442,0.012799109627156371,0.09311815989612317,0.6798367649786682,0.0012984603969578928,20241119_Box_2_CFD_Day_4_(Context_B)_9004.mp4,20241119,2,CFD,4,B,no,9004,
20241119_Box_2_CFD_Day_4_(Context_B)_9006,0.12706362455945094,0.0020404377666481174,0.6262289000185495,0.2446670376553515,0.0,20241119_Box_2_CFD_Day_4_(Context_B)_9006.mp4,20241119,2,CFD,4,B,no,9006,
20241119_Box_2_CFD_Day_4_(Context_B)_9008,0.012057132257466147,0.2806529400853274,0.016879985160452606,0.0,0.6904099424967538,20241119_Box_2_CFD_Day_4_(Context_B)_9008.mp4,20241119,2,CFD,4,B,no,9008,
20241119_Box_2_CFD_Day_4_(Context_B)_9010,0.04618809126321647,0.0,0.9124466703765535,0.04136523836023001,0.0,20241119_Box_2_CFD_Day_4_(Context_B)_9010.mp4,20241119,2,CFD,4,B,no,9010,
20241119_Box_2_CFD_Day_4_(Context_B)_9012,0.05730712166172107,0.0,0.23367952522255192,0.709013353115727,0.0,20241119_Box_2_CFD_Day_4_(Context_B)_9012.mp4,20241119,2,CFD,4,B,no,9012,
20241119_Box_2_CFD_Day_4_(Context_B)_9014,0.3624559450936746,0.0001854943424225561,0.053978853644963826,0.5833797069189389,0.0,20241119_Box_2_CFD_Day_4_(Context_B)_9014.mp4,20241119,2,CFD,4,B,no,9014,
20241119_Box_2_CFD_Day_4_(Context_B)_9016,0.09441662029308107,0.0,0.20311630495269895,0.70246707475422,0.0,20241119_Box_2_CFD_Day_4_(Context_B)_9016.mp4,20241119,2,CFD,4,B,no,9016,
20241120_Box_1_CFD_Day_5_(Context_A)_9001,0.47659101729884146,0.0030153943818441516,0.45929217584510396,0.060942707506744964,0.00015870496746548166,20241120_Box_1_CFD_Day_5_(Context_A)_9001.mp4,20241120,1,CFD,5,A,no,9001,
20241120_Box_1_CFD_Day_5_(Context_A)_9003,0.2457559892114866,0.0033317467872441696,0.12375059495478344,0.6250991591305728,0.0020625099159130573,20241120_Box_1_CFD_Day_5_(Context_A)_9003.mp4,20241120,1,CFD,5,A,no,9003,
20241120_Box_1_CFD_Day_5_(Context_A)_9005,0.512853062519835,0.005712472231037766,0.3633767058076801,0.11805775944144715,0.0,20241120_Box_1_CFD_Day_5_(Context_A)_9005.mp4,20241120,1,CFD,5,A,no,9005,
20241120_Box_1_CFD_Day_5_(Context_A)_9007,0.2174258054277099,0.024599269957149658,0.2953499444532614,0.4508808125694334,0.011744167592445643,20241120_Box_1_CFD_Day_5_(Context_A)_9007.mp4,20241120,1,CFD,5,A,no,9007,
20241120_Box_1_CFD_Day_5_(Context_A)_9009,0.14947635671215487,0.0004760393525864805,0.06950174547762615,0.7805458584576325,0.0,20241120_Box_1_CFD_Day_5_(Context_A)_9009.mp4,20241120,1,CFD,5,A,no,9009,
20241120_Box_1_CFD_Day_5_(Context_A)_9013,0.34830212630910823,0.0,0.2507140590288797,0.4005077753094256,0.0004760393525864805,20241120_Box_1_CFD_Day_5_(Context_A)_9013.mp4,20241120,1,CFD,5,A,no,9013,
20241120_Box_1_CFD_Day_5_(Context_A)_9015,0.2829260552205649,0.07092986353538559,0.5250714059028879,0.11361472548397335,0.007457949857188194,20241120_Box_1_CFD_Day_5_(Context_A)_9015.mp4,20241120,1,CFD,5,A,no,9015,
20241120_Box_1_CFD_Day_5_(Context_B)_9001,0.3887961417176776,0.03190502689667965,0.16045260619551105,0.4188462251901317,0.0,20241120_Box_1_CFD_Day_5_(Context_B)_9001.mp4,20241120,1,CFD,5,B,no,9001,
20241120_Box_1_CFD_Day_5_(Context_B)_9003,0.47560749397143387,0.011500649230198478,0.14913745130773512,0.36375440549063254,0.0,20241120_Box_1_CFD_Day_5_(Context_B)_9003.mp4,20241120,1,CFD,5,B,no,9003,
20241120_Box_1_CFD_Day_5_(Context_B)_9005,0.06863290669634577,0.0,0.13670933036542385,0.7946577629382304,0.0,20241120_Box_1_CFD_Day_5_(Context_B)_9005.mp4,20241120,1,CFD,5,B,no,9005,
20241120_Box_1_CFD_Day_5_(Context_B)_9007,0.07659495548961424,0.0,0.043397626112759644,0.8800074183976261,0.0,20241120_Box_1_CFD_Day_5_(Context_B)_9007.mp4,20241120,1,CFD,5,B,no,9007,
20241120_Box_1_CFD_Day_5_(Context_B)_9009,0.1001669449081803,0.20534223706176963,0.07271378222964199,0.20719718048599517,0.41457985531441294,20241120_Box_1_CFD_Day_5_(Context_B)_9009.mp4,20241120,1,CFD,5,B,no,9009,
20241120_Box_1_CFD_Day_5_(Context_B)_9011,0.12833827893175073,0.017804154302670624,0.028189910979228485,0.8256676557863502,0.0,20241120_Box_1_CFD_Day_5_(Context_B)_9011.mp4,20241120,1,CFD,5,B,no,9011,
20241120_Box_1_CFD_Day_5_(Context_B)_9013,0.06770543498423298,0.0024114264514932295,0.22667408644036358,0.7032090521239103,0.0,20241120_Box_1_CFD_Day_5_(Context_B)_9013.mp4,20241120,1,CFD,5,B,no,9013,
20241120_Box_1_CFD_Day_5_(Context_B)_9015,0.056575774438879615,0.0009274717121127806,0.05175292153589316,0.8907438323131145,0.0,20241120_Box_1_CFD_Day_5_(Context_B)_9015.mp4,20241120,1,CFD,5,B,no,9015,
20241120_Box_2_CFD_Day_5_(Context_A)_9002,0.0031735956839098697,0.002221516978736909,0.04109806410663282,0.9535068232307204,0.0,20241120_Box_2_CFD_Day_5_(Context_A)_9002.mp4,20241120,2,CFD,5,A,no,9002,
20241120_Box_2_CFD_Day_5_(Context_A)_9004,0.05681637835264244,0.0,0.13966037136962386,0.8035232502777337,0.0,20241120_Box_2_CFD_Day_5_(Context_A)_9004.mp4,20241120,2,CFD,5,A,no,9004,
20241120_Box_2_CFD_Day_5_(Context_A)_9006,0.4750039676241866,0.0030153943818441516,0.13442310744326297,0.38755753055070624,0.0,20241120_Box_2_CFD_Day_5_(Context_A)_9006.mp4,20241120,2,CFD,5,A,no,9006,
20241120_Box_2_CFD_Day_5_(Context_A)_9008,0.38194224055855286,0.04268486194858775,0.07394477943509997,0.47968898762297685,0.021739130434782608,20241120_Box_2_CFD_Day_5_(Context_A)_9008.mp4,20241120,2,CFD,5,A,no,9008,
20241120_Box_2_CFD_Day_5_(Context_A)_9010,0.5251547373432789,0.0003174099349309633,0.15489604824631012,0.31963180447548006,0.0,20241120_Box_2_CFD_Day_5_(Context_A)_9010.mp4,20241120,2,CFD,5,A,no,9010,
20241120_Box_2_CFD_Day_5_(Context_A)_9012,0.12648785906998888,0.00015870496746548166,0.16410093635930806,0.7092524996032376,0.0,20241120_Box_2_CFD_Day_5_(Context_A)_9012.mp4,20241120,2,CFD,5,A,no,9012,
20241120_Box_2_CFD_Day_5_(Context_A)_9014,0.4011111111111111,0.0,0.07015873015873016,0.5287301587301587,0.0,20241120_Box_2_CFD_Day_5_(Context_A)_9014.mp4,20241120,2,CFD,5,A,no,9014,
20241120_Box_2_CFD_Day_5_(Context_A)_9016,0.015235676876686241,0.0,0.0511029995238851,0.9336613235994287,0.0,20241120_Box_2_CFD_Day_5_(Context_A)_9016.mp4,20241120,2,CFD,5,A,no,9016,
20241120_Box_2_CFD_Day_5_(Context_B)_9002,0.05342237061769616,0.012057132257466147,0.7395659432387313,0.0730847709144871,0.12186978297161936,20241120_Box_2_CFD_Day_5_(Context_B)_9002.mp4,20241120,2,CFD,5,B,no,9002,
20241120_Box_2_CFD_Day_5_(Context_B)_9004,0.31602373887240354,0.010014836795252226,0.3232566765578635,0.3004451038575668,0.05025964391691395,20241120_Box_2_CFD_Day_5_(Context_B)_9004.mp4,20241120,2,CFD,5,B,no,9004,
20241120_Box_2_CFD_Day_5_(Context_B)_9006,0.0,0.006492301984789464,0.0029679094787608976,0.0,0.9905397885364496,20241120_Box_2_CFD_Day_5_(Context_B)_9006.mp4,20241120,2,CFD,5,B,no,9006,
20241120_Box_2_CFD_Day_5_(Context_B)_9008,0.16005192878338279,0.0,0.24239614243323443,0.5975519287833828,0.0,20241120_Box_2_CFD_Day_5_(Context_B)_9008.mp4,20241120,2,CFD,5,B,no,9008,
20241120_Box_2_CFD_Day_5_(Context_B)_9010,0.0803190502689668,0.7590428491930996,0.01242812094231126,0.0,0.14820997959562232,20241120_Box_2_CFD_Day_5_(Context_B)_9010.mp4,20241120,2,CFD,5,B,no,9010,
20241120_Box_2_CFD_Day_5_(Context_B)_9012,0.06342729970326409,0.7401706231454006,0.000370919881305638,0.0,0.19603115727002968,20241120_Box_2_CFD_Day_5_(Context_B)_9012.mp4,20241120,2,CFD,5,B,no,9012,
20241120_Box_2_CFD_Day_5_(Context_B)_9014,0.0,0.049897978111667594,0.0,0.0,0.9501020218883324,20241120_Box_2_CFD_Day_5_(Context_B)_9014.mp4,20241120,2,CFD,5,B,no,9014,
20241120_Box_2_CFD_Day_5_(Context_B)_9016,0.0791913946587537,0.1316765578635015,0.026520771513353116,0.0,0.7626112759643917,20241120_Box_2_CFD_Day_5_(Context_B)_9016.mp4,20241120,2,CFD,5,B,no,9016,
20241121_Box_1_CFD_Day_6_(Context_A)_9001,0.07553157727705491,0.0006347191367819739,0.16486829577911774,0.7589654078070454,0.0,20241121_Box_1_CFD_Day_6_(Context_A)_9001.mp4,20241121,1,CFD,6,A,no,9001,
20241121_Box_1_CFD_Day_6_(Context_A)_9003,0.012535702951443985,0.0030149158997143763,0.005236432878451286,0.9792129482703904,0.0,20241121_Box_1_CFD_Day_6_(Context_A)_9003.mp4,20241121,1,CFD,6,A,no,9003,
20241121_Box_1_CFD_Day_6_(Context_A)_9005,0.23662910649103316,0.0011109347722583717,0.0380891921917156,0.7241707665449929,0.0,20241121_Box_1_CFD_Day_6_(Context_A)_9005.mp4,20241121,1,CFD,6,A,no,9005,
20241121_Box_1_CFD_Day_6_(Context_A)_9007,0.2121548714693748,0.0031735956839098697,0.20184068549666773,0.5828308473500476,0.0,20241121_Box_1_CFD_Day_6_(Context_A)_9007.mp4,20241121,1,CFD,6,A,no,9007,
20241121_Box_1_CFD_Day_6_(Context_A)_9009,0.08156140907648365,0.004601713741669311,0.39606474135195174,0.5177721358298952,0.0,20241121_Box_1_CFD_Day_6_(Context_A)_9009.mp4,20241121,1,CFD,6,A,no,9009,
20241121_Box_1_CFD_Day_6_(Context_A)_9011,0.08522456752896365,0.0030153943818441516,0.1455324551658467,0.7662275829233455,0.0,20241121_Box_1_CFD_Day_6_(Context_A)_9011.mp4,20241121,1,CFD,6,A,no,9011,
20241121_Box_1_CFD_Day_6_(Context_A)_9013,0.047755037283833096,0.0011105822624147231,0.040774234491511976,0.9103601459622402,0.0,20241121_Box_1_CFD_Day_6_(Context_A)_9013.mp4,20241121,1,CFD,6,A,no,9013,
20241121_Box_1_CFD_Day_6_(Context_A)_9015,0.25499841320215805,0.0025388765471278957,0.24230403046651858,0.5001586797841955,0.0,20241121_Box_1_CFD_Day_6_(Context_A)_9015.mp4,20241121,1,CFD,6,A,no,9015,
20241121_Box_1_CFD_Day_6_(Context_B)_9001,0.1689853459469486,0.06028566128733074,0.02671118530884808,0.0076052680393248005,0.7364125394175478,20241121_Box_1_CFD_Day_6_(Context_B)_9001.mp4,20241121,1,CFD,6,B,no,9001,
20241121_Box_1_CFD_Day_6_(Context_B)_9003,0.004080118694362018,0.07900593471810088,0.001112759643916914,0.0,0.9158011869436202,20241121_Box_1_CFD_Day_6_(Context_B)_9003.mp4,20241121,1,CFD,6,B,no,9003,
20241121_Box_1_CFD_Day_6_(Context_B)_9005,0.34205156742719345,0.3709886848451122,0.021888332405861622,0.07660916342051567,0.18846225190131702,20241121_Box_1_CFD_Day_6_(Context_B)_9005.mp4,20241121,1,CFD,6,B,no,9005,
20241121_Box_1_CFD_Day_6_(Context_B)_9007,0.5937673900946021,0.0076052680393248005,0.0001854943424225561,0.041179744017807454,0.3572621035058431,20241121_Box_1_CFD_Day_6_(Context_B)_9007.mp4,20241121,1,CFD,6,B,no,9007,
20241121_Box_1_CFD_Day_6_(Context_B)_9009,0.06993136709330365,0.0,0.21313299944351696,0.7169356334631793,0.0,20241121_Box_1_CFD_Day_6_(Context_B)_9009.mp4,20241121,1,CFD,6,B,no,9009,
20241121_Box_1_CFD_Day_6_(Context_B)_9011,0.4574290484140234,0.2776850306065665,0.008532739751437582,0.12836208495640883,0.12799109627156371,20241121_Box_1_CFD_Day_6_(Context_B)_9011.mp4,20241121,1,CFD,6,B,no,9011,
20241121_Box_1_CFD_Day_6_(Context_B)_9013,0.08755332962344649,0.1305880170654795,0.008718234093860137,0.035614913745130775,0.7375255054720831,20241121_Box_1_CFD_Day_6_(Context_B)_9013.mp4,20241121,1,CFD,6,B,no,9013,
20241121_Box_1_CFD_Day_6_(Context_B)_9015,0.059903560830860535,0.0858679525222552,0.08939169139465876,0.000185459940652819,0.7646513353115727,20241121_Box_1_CFD_Day_6_(Context_B)_9015.mp4,20241121,1,CFD,6,B,no,9015,
20241121_Box_2_CFD_Day_6_(Context_A)_9002,0.6438095238095238,0.008095238095238095,0.02,0.3280952380952381,0.0,20241121_Box_2_CFD_Day_6_(Context_A)_9002.mp4,20241121,2,CFD,6,A,no,9002,
20241121_Box_2_CFD_Day_6_(Context_A)_9004,0.32947151245833994,0.07935248373274084,0.5294397714648469,0.06173623234407237,0.0,20241121_Box_2_CFD_Day_6_(Context_A)_9004.mp4,20241121,2,CFD,6,A,no,9004,
20241121_Box_2_CFD_Day_6_(Context_A)_9006,0.3235480799746112,0.011266264677880038,0.005236432878451286,0.6599492224690574,0.0,20241121_Box_2_CFD_Day_6_(Context_A)_9006.mp4,20241121,2,CFD,6,A,no,9006,
20241121_Box_2_CFD_Day_6_(Context_A)_9008,0.05300745913347088,0.0030153943818441516,0.25472147278209806,0.6892556737025869,0.0,20241121_Box_2_CFD_Day_6_(Context_A)_9008.mp4,20241121,2,CFD,6,A,no,9008,
20241121_Box_2_CFD_Day_6_(Context_A)_9010,0.34248531979050945,0.04538962069512776,0.45230915727662274,0.15981590223774003,0.0,20241121_Box_2_CFD_Day_6_(Context_A)_9010.mp4,20241121,2,CFD,6,A,no,9010,
20241121_Box_2_CFD_Day_6_(Context_A)_9012,0.058860859907980324,0.0009519276534983341,0.3300015865460892,0.6101856258924322,0.0,20241121_Box_2_CFD_Day_6_(Context_A)_9012.mp4,20241121,2,CFD,6,A,no,9012,
20241121_Box_2_CFD_Day_6_(Context_A)_9014,0.1486829577911774,0.008410028562361156,0.42034274833386226,0.42256426531259916,0.0,20241121_Box_2_CFD_Day_6_(Context_A)_9014.mp4,20241121,2,CFD,6,A,no,9014,
20241121_Box_2_CFD_Day_6_(Context_A)_9016,0.19187430566576733,0.014918266941755277,0.39168385970480873,0.4015235676876686,0.0,20241121_Box_2_CFD_Day_6_(Context_A)_9016.mp4,20241121,2,CFD,6,A,no,9016,
20241121_Box_2_CFD_Day_6_(Context_B)_9002,0.31602373887240354,0.10719584569732937,0.04970326409495549,0.504080118694362,0.022997032640949554,20241121_Box_2_CFD_Day_6_(Context_B)_9002.mp4,20241121,2,CFD,6,B,no,9002,
20241121_Box_2_CFD_Day_6_(Context_B)_9004,0.4455574104989798,0.0009274717121127806,0.19495455388610647,0.3580040808755333,0.0005564830272676684,20241121_Box_2_CFD_Day_6_(Context_B)_9004.mp4,20241121,2,CFD,6,B,no,9004,
20241121_Box_2_CFD_Day_6_(Context_B)_9006,0.2502318679280282,0.0009274717121127806,0.08588388054164348,0.6629567798182155,0.0,20241121_Box_2_CFD_Day_6_(Context_B)_9006.mp4,20241121,2,CFD,6,B,no,9006,
20241121_Box_2_CFD_Day_6_(Context_B)_9008,0.1749211649044704,0.14468558708959378,0.37692450380263404,0.01335559265442404,0.29011315154887773,20241121_Box_2_CFD_Day_6_(Context_B)_9008.mp4,20241121,2,CFD,6,B,no,9008,
20241121_Box_2_CFD_Day_6_(Context_B)_9010,0.2750370919881306,0.0,0.5220697329376854,0.20289317507418397,0.0,20241121_Box_2_CFD_Day_6_(Context_B)_9010.mp4,20241121,2,CFD,6,B,no,9010,
20241121_Box_2_CFD_Day_6_(Context_B)_9012,0.02744807121661721,0.0,0.08994807121661721,0.8826038575667656,0.0,20241121_Box_2_CFD_Day_6_(Context_B)_9012.mp4,20241121,2,CFD,6,B,no,9012,
20241121_Box_2_CFD_Day_6_(Context_B)_9014,0.0022259321090706734,0.0,0.0,0.9977740678909294,0.0,20241121_Box_2_CFD_Day_6_(Context_B)_9014.mp4,20241121,2,CFD,6,B,no,9014,
20241121_Box_2_CFD_Day_6_(Context_B)_9016,0.05009276437847866,0.0,0.22374768089053804,0.7261595547309833,0.0,20241121_Box_2_CFD_Day_6_(Context_B)_9016.mp4,20241121,2,CFD,6,B,no,9016,
20241122_Box_1_CFD_Day_7_(Context_A)_9001,0.5942557918121232,0.0006347191367819739,0.12059663598857505,0.28451285306251983,0.0,20241122_Box_1_CFD_Day_7_(Context_A)_9001.mp4,20241122,1,CFD,7,A,no,9001,
20241122_Box_1_CFD_Day_7_(Context_A)_9003,0.19819105046017138,0.014598540145985401,0.7805458584576325,0.006188511583624246,0.0004760393525864805,20241122_Box_1_CFD_Day_7_(Context_A)_9003.mp4,20241122,1,CFD,7,A,no,9003,
20241122_Box_1_CFD_Day_7_(Context_A)_9005,0.24722310377657886,0.0023801967629324024,0.06934306569343066,0.6810536337670581,0.0,20241122_Box_1_CFD_Day_7_(Context_A)_9005.mp4,20241122,1,CFD,7,A,no,9005,
20241122_Box_1_CFD_Day_7_(Context_A)_9007,0.11331534677035392,0.0020631645770512615,0.0476114902396445,0.8370099984129503,0.0,20241122_Box_1_CFD_Day_7_(Context_A)_9007.mp4,20241122,1,CFD,7,A,no,9007,
20241122_Box_1_CFD_Day_7_(Context_A)_9009,0.1609013011742304,0.00015867978419549348,0.14312916534433512,0.6958108536972389,0.0,20241122_Box_1_CFD_Day_7_(Context_A)_9009.mp4,20241122,1,CFD,7,A,no,9009,
20241122_Box_1_CFD_Day_7_(Context_A)_9011,0.12027927642018407,0.0,0.11313868613138686,0.7665820374484291,0.0,20241122_Box_1_CFD_Day_7_(Context_A)_9011.mp4,20241122,1,CFD,7,A,no,9011,
20241122_Box_1_CFD_Day_7_(Context_A)_9013,0.3091082196128213,0.0,0.43145033322754683,0.25944144715963185,0.0,20241122_Box_1_CFD_Day_7_(Context_A)_9013.mp4,20241122,1,CFD,7,A,no,9013,
20241122_Box_1_CFD_Day_7_(Context_A)_9015,0.08362424627102508,0.0020628371945414156,0.46429704855601395,0.4500158679784195,0.0,20241122_Box_1_CFD_Day_7_(Context_A)_9015.mp4,20241122,1,CFD,7,A,no,9015,
20241122_Box_1_CFD_Day_7_(Context_B)_9002,0.20237432758300872,0.0029679094787608976,0.5166017436468188,0.2780560192914116,0.0,20241122_Box_1_CFD_Day_7_(Context_B)_9002.mp4,20241122,1,CFD,7,B,no,9002,
20241122_Box_1_CFD_Day_7_(Context_B)_9003,0.24188462251901316,0.008532739751437582,0.6304952698942682,0.11890187349285847,0.0001854943424225561,20241122_Box_1_CFD_Day_7_(Context_B)_9003.mp4,20241122,1,CFD,7,B,no,9003,
20241122_Box_1_CFD_Day_7_(Context_B)_9005,0.19510385756676557,0.000556379821958457,0.6231454005934718,0.18119436201780414,0.0,20241122_Box_1_CFD_Day_7_(Context_B)_9005.mp4,20241122,1,CFD,7,B,no,9005,
20241122_Box_1_CFD_Day_7_(Context_B)_9007,0.06027448071216617,0.0,0.06750741839762611,0.8722181008902077,0.0,20241122_Box_1_CFD_Day_7_(Context_B)_9007.mp4,20241122,1,CFD,7,B,no,9007,
20241122_Box_1_CFD_Day_7_(Context_B)_9009,0.0,0.0,0.005564830272676683,0.9944351697273233,0.0,20241122_Box_1_CFD_Day_7_(Context_B)_9009.mp4,20241122,1,CFD,7,B,no,9009,
20241122_Box_1_CFD_Day_7_(Context_B)_9011,0.17733259135596363,0.10665924689296977,0.1994064181042478,0.5166017436468188,0.0,20241122_Box_1_CFD_Day_7_(Context_B)_9011.mp4,20241122,1,CFD,7,B,no,9011,
20241122_Box_1_CFD_Day_7_(Context_B)_9013,0.12428120942311259,0.017065479502875163,0.5768874049341495,0.27620107586718606,0.005564830272676683,20241122_Box_1_CFD_Day_7_(Context_B)_9013.mp4,20241122,1,CFD,7,B,no,9013,
20241122_Box_1_CFD_Day_7_(Context_B)_9015,0.1470424624513258,0.0011125533098460968,0.12163916187650659,0.7302058223623216,0.0,20241122_Box_1_CFD_Day_7_(Context_B)_9015.mp4,20241122,1,CFD,7,B,no,9015,
20241122_Box_2_CFD_Day_7_(Context_A)_9002,0.021583875575305507,0.00015870496746548166,0.3791461672750357,0.5991112521821933,0.0,20241122_Box_2_CFD_Day_7_(Context_A)_9002.mp4,20241122,2,CFD,7,A,no,9002,
20241122_Box_2_CFD_Day_7_(Context_A)_9004,0.02190128551023647,0.001428344707189335,0.11045865735597524,0.866211712426599,0.0,20241122_Box_2_CFD_Day_7_(Context_A)_9004.mp4,20241122,2,CFD,7,A,no,9004,
20241122_Box_2_CFD_Day_7_(Context_A)_9006,0.05046817965402317,0.0025392794794477066,0.177590858593874,0.7694016822726552,0.0,20241122_Box_2_CFD_Day_7_(Context_A)_9006.mp4,20241122,2,CFD,7,A,no,9006,
20241122_Box_2_CFD_Day_7_(Context_A)_9008,0.11186924785782291,0.16407489685814028,0.6107584893684544,0.11329736591558236,0.0,20241122_Box_2_CFD_Day_7_(Context_A)_9008.mp4,20241122,2,CFD,7,A,no,9008,
20241122_Box_2_CFD_Day_7_(Context_A)_9010,0.2321853674019997,0.0,0.19901602920171402,0.5687986033962863,0.0,20241122_Box_2_CFD_Day_7_(Context_A)_9010.mp4,20241122,2,CFD,7,A,no,9010,
20241122_Box_2_CFD_Day_7_(Context_A)_9012,0.12252023488335186,0.0,0.06522774162831296,0.8122520234883351,0.0,20241122_Box_2_CFD_Day_7_(Context_A)_9012.mp4,20241122,2,CFD,7,A,no,9012,
20241122_Box_2_CFD_Day_7_(Context_A)_9014,0.26218060625297573,0.0,0.0977622599587367,0.6400571337882875,0.0,20241122_Box_2_CFD_Day_7_(Context_A)_9014.mp4,20241122,2,CFD,7,A,no,9014,
20241122_Box_2_CFD_Day_7_(Context_A)_9016,0.019197207678883072,0.0,0.5986038394415357,0.38219895287958117,0.0,20241122_Box_2_CFD_Day_7_(Context_A)_9016.mp4,20241122,2,CFD,7,A,no,9016,
20241122_Box_2_CFD_Day_7_(Context_B)_9001,0.01632350213318494,0.050454461138935265,0.18586533110740122,0.0,0.7473567056204786,20241122_Box_2_CFD_Day_7_(Context_B)_9001.mp4,20241122,2,CFD,7,B,no,9001,
20241122_Box_2_CFD_Day_7_(Context_B)_9004,0.2507418397626113,0.0146513353115727,0.2913575667655786,0.4426928783382789,0.000556379821958457,20241122_Box_2_CFD_Day_7_(Context_B)_9004.mp4,20241122,2,CFD,7,B,no,9004,
20241122_Box_2_CFD_Day_7_(Context_B)_9006,0.20293081061027637,0.010573177518085699,0.10220738267482841,0.6842886291968096,0.0,20241122_Box_2_CFD_Day_7_(Context_B)_9006.mp4,20241122,2,CFD,7,B,no,9006,
20241122_Box_2_CFD_Day_7_(Context_B)_9008,0.40808755332962343,0.010387683175663142,0.36282693377851977,0.21869782971619364,0.0,20241122_Box_2_CFD_Day_7_(Context_B)_9008.mp4,20241122,2,CFD,7,B,no,9008,
20241122_Box_2_CFD_Day_7_(Context_B)_9010,0.015949554896142432,0.0,0.5367210682492581,0.4473293768545994,0.0,20241122_Box_2_CFD_Day_7_(Context_B)_9010.mp4,20241122,2,CFD,7,B,no,9010,
20241122_Box_2_CFD_Day_7_(Context_B)_9012,0.1296605453533667,0.0,0.4238545724355407,0.44648488221109256,0.0,20241122_Box_2_CFD_Day_7_(Context_B)_9012.mp4,20241122,2,CFD,7,B,no,9012,
20241122_Box_2_CFD_Day_7_(Context_B)_9014,0.07642366907809311,0.3583750695603784,0.09293266555370061,0.006863290669634576,0.4654053051381933,20241122_Box_2_CFD_Day_7_(Context_B)_9014.mp4,20241122,2,CFD,7,B,no,9014,
20241122_Box_2_CFD_Day_7_(Context_B)_9016,0.11333704322018179,0.0,0.1871637915043591,0.6994991652754591,0.0,20241122_Box_2_CFD_Day_7_(Context_B)_9016.mp4,20241122,2,CFD,7,B,no,9016,
20250205_Box_3_CFC_Day_0_(Context_A)_543,0.1431064572425829,0.0028557829604950024,0.47310804378867205,0.38092971600825004,0.0,20250205_Box_3_CFC_Day_0_(Context_A)_543.mp4,20250205,3,CFC,0,A,no,543,
"20250206_Box_1_CFC_Day_1_(Context_A,_No_Shock)_526",0.04627059041273367,0.0,0.06848047381084582,0.8852489357764205,0.0,"20250206_Box_1_CFC_Day_1_(Context_A,_No_Shock)_526.mp4",20250206,1,CFC,1,A,yes,526,
"20250206_Box_3_CFC_Day_1_(Context_A,_No_Shock)_528",0.0064802814293649326,0.0,0.06054434364006665,0.9329753749305684,0.0,"20250206_Box_3_CFC_Day_1_(Context_A,_No_Shock)_528.mp4",20250206,3,CFC,1,A,yes,528,
"20250206_Box_3_CFC_Day_1_(Context_A,_No_Shock)_543",0.4908350305498982,0.0,0.21755230512867987,0.29161266432142197,0.0,"20250206_Box_3_CFC_Day_1_(Context_A,_No_Shock)_543.mp4",20250206,3,CFC,1,A,yes,543,
20250207_Box_1_CFC_Day_2_(Context_C)_526,0.42423119673953313,0.05946646906261578,0.3995924416450537,0.10577991848832902,0.010929974064468322,20250207_Box_1_CFC_Day_2_(Context_C)_526.mp4,20250207,1,CFC,2,C,no,526,
20250207_Box_1_CFC_Day_2_(Context_C)_541,0.41172106824925814,0.005749258160237389,0.502040059347181,0.08048961424332345,0.0,20250207_Box_1_CFC_Day_2_(Context_C)_541.mp4,20250207,1,CFC,2,C,no,541,
20250207_Box_2_CFC_Day_2_(Context_C)_527,0.27193631988152533,0.0,0.5957052943354313,0.13235838578304332,0.0,20250207_Box_2_CFC_Day_2_(Context_C)_527.mp4,20250207,2,CFC,2,C,no,527,
20250207_Box_2_CFC_Day_2_(Context_C)_542,0.02203295685984077,0.9690798000370302,0.002406961673764118,0.0,0.0064802814293649326,20250207_Box_2_CFC_Day_2_(Context_C)_542.mp4,20250207,2,CFC,2,C,no,542,
20250207_Box_3_CFC_Day_2_(Context_C)_528,0.1211053412462908,0.0,0.3280786350148368,0.5508160237388724,0.0,20250207_Box_3_CFC_Day_2_(Context_C)_528.mp4,20250207,3,CFC,2,C,no,528,
20250207_Box_3_CFC_Day_2_(Context_C)_543,0.26849619877619135,0.0,0.4897088818839236,0.24179491933988503,0.0,20250207_Box_3_CFC_Day_2_(Context_C)_543.mp4,20250207,3,CFC,2,C,no,543,
20250210_Box_1_CFD_Day_3_(Context_A)_526,0.30963339152515473,0.006030788763688303,0.3488335184891287,0.33550230122202823,0.0,20250210_Box_1_CFD_Day_3_(Context_A)_526.mp4,20250210,1,CFD,3,A,no,526,
20250210_Box_1_CFD_Day_3_(Context_A)_541,0.26345024599269956,0.0046024440564989685,0.48627202031423583,0.24567528963656562,0.0,20250210_Box_1_CFD_Day_3_(Context_A)_541.mp4,20250210,1,CFD,3,A,no,541,
20250210_Box_1_CFD_Day_3_(Context_B)_526,0.2493043962159154,0.02448525319977741,0.15711370803190502,0.5690966425524021,0.0,20250210_Box_1_CFD_Day_3_(Context_B)_526.mp4,20250210,1,CFD,3,B,no,526,
20250210_Box_1_CFD_Day_3_(Context_B)_541,0.1860508254498238,0.22852902986458912,0.2780560192914116,0.020404377666481174,0.2869597477276943,20250210_Box_1_CFD_Day_3_(Context_B)_541.mp4,20250210,1,CFD,3,B,no,541,
20250210_Box_2_CFD_Day_3_(Context_A)_527,0.2520234883351849,0.01587049674654817,0.19853991429931758,0.5335661006189494,0.0,20250210_Box_2_CFD_Day_3_(Context_A)_527.mp4,20250210,2,CFD,3,A,no,527,
20250210_Box_2_CFD_Day_3_(Context_A)_542,0.05711565920990005,0.006028875138822783,0.4715214976995082,0.465333967951769,0.0,20250210_Box_2_CFD_Day_3_(Context_A)_542.mp4,20250210,2,CFD,3,A,no,542,
20250210_Box_2_CFD_Day_3_(Context_B)_527,0.12094231125950658,0.0,0.09775551845668708,0.7813021702838063,0.0,20250210_Box_2_CFD_Day_3_(Context_B)_527.mp4,20250210,2,CFD,3,B,no,527,
20250210_Box_2_CFD_Day_3_(Context_B)_542,0.1719213649851632,0.000741839762611276,0.17600148367952523,0.6513353115727003,0.0,20250210_Box_2_CFD_Day_3_(Context_B)_542.mp4,20250210,2,CFD,3,B,no,542,
20250210_Box_3_CFD_Day_3_(Context_A)_528,0.08710138029509758,0.008408694272568618,0.07123591940345866,0.8332540060288751,0.0,20250210_Box_3_CFD_Day_3_(Context_A)_528.mp4,20250210,3,CFD,3,A,no,528,
20250210_Box_3_CFD_Day_3_(Context_A)_543,0.1488416375753729,0.00856870834655665,0.6532846715328468,0.1875595049190733,0.0017454776261504284,20250210_Box_3_CFD_Day_3_(Context_A)_543.mp4,20250210,3,CFD,3,A,no,543,
20250210_Box_3_CFD_Day_3_(Context_B)_528,0.04692136498516321,0.09050445103857567,0.4202522255192878,0.0361646884272997,0.4061572700296736,20250210_Box_3_CFD_Day_3_(Context_B)_528.mp4,20250210,3,CFD,3,B,no,528,
20250210_Box_3_CFD_Day_3_(Context_B)_543,0.20734421364985164,0.0,0.13260385756676557,0.6600519287833828,0.0,20250210_Box_3_CFD_Day_3_(Context_B)_543.mp4,20250210,3,CFD,3,B,no,543,
20250211_Box_1_CFD_Day_4_(Context_A)_526,0.2703474535935269,0.008726003490401396,0.3914009201967317,0.32952562271934,0.0,20250211_Box_1_CFD_Day_4_(Context_A)_526.mp4,20250211,1,CFD,4,A,no,526,
20250211_Box_1_CFD_Day_4_(Context_A)_541,0.21437638844811172,0.0011107584893684545,0.5588701999365281,0.22564265312599174,0.0,20250211_Box_1_CFD_Day_4_(Context_A)_541.mp4,20250211,1,CFD,4,A,no,541,
20250211_Box_1_CFD_Day_4_(Context_B)_541,0.061016320474777445,0.0,0.20790059347181009,0.7310830860534124,0.0,20250211_Box_1_CFD_Day_4_(Context_B)_541.mp4,20250211,1,CFD,4,B,no,541,
20250211_Box_2_CFD_Day_4_(Context_A)_542,0.5249127261186924,0.0030149158997143763,0.14804823865439543,0.3240241193271977,0.0,20250211_Box_2_CFD_Day_4_(Context_A)_542.mp4,20250211,2,CFD,4,A,no,542,
